SampleID,PlotID,StudyID,SampleTypeID,ManureTreatmentID,RainfallTreatmentID,SampleVolume_ml,ElapsedTimeSinceRainfallStarted_Minutes,ElapsedTimeSinceRunoffStarted_Minutes,Notes
A-101-S-5,101,A,1,M_S_Day1_A,R_101_A,747,,5,
A-101-S-10,101,A,1,M_S_Day1_A,R_101_A,894,,10,
A-101-S-15,101,A,1,M_S_Day1_A,R_101_A,957,,15,
A-101-S-20,101,A,1,M_S_Day1_A,R_101_A,,,20,
A-101-S-30,101,A,1,M_S_Day1_A,R_101_A,910,,30,
A-101-S-30-T,101,A,2,M_S_Day1_A,R_101_A,,,30,
A-101-S-60,101,A,1,M_S_Day1_A,R_101_A,1057,,60,
A-101-S-T1,101,A,2,M_S_Day1_A,R_101_A,,,60,
A-101-S-T2,101,A,2,M_S_Day1_A,R_101_A,,,60,
A-102-P-5,102,A,1,M_P_Day1_A,R_102_A,956,,5,
A-102-P-10,102,A,1,M_P_Day1_A,R_102_A,976,,10,
A-102-P-15,102,A,1,M_P_Day1_A,R_102_A,943,,15,
A-102-P-20,102,A,1,M_P_Day1_A,R_102_A,,,20,
A-102-P-30,102,A,1,M_P_Day1_A,R_102_A,947,,30,
A-102-P-30-T,102,A,2,M_P_Day1_A,R_102_A,,,30,
A-102-P-60,102,A,1,M_P_Day1_A,R_102_A,917,,60,
A-102-P-T1,102,A,2,M_P_Day1_A,R_102_A,,,60,
A-102-P-T2,102,A,2,M_P_Day1_A,R_102_A,,,60,
A-104-X-5,104,A,1,M_X_Day4_A,R_104_A,569,25,5,
A-104-X-10,104,A,1,M_X_Day4_A,R_104_A,573,30,10,
A-104-X-15,104,A,1,M_X_Day4_A,R_104_A,937,35,15,
A-104-X-20,104,A,1,M_X_Day4_A,R_104_A,540,40,20,
A-104-X-30,104,A,1,M_X_Day4_A,R_104_A,573,50,30,
A-104-X-30-T,104,A,2,M_X_Day4_A,R_104_A,,55,30,
A-104-X-60,104,A,1,M_X_Day4_A,R_104_A,575,80,60,
A-104-X-T1,104,A,2,M_X_Day4_A,R_104_A,,85,60,
A-104-X-T2,104,A,2,M_X_Day4_A,R_104_A,,85,60,
A-105-X-5,105,A,1,M_X_Day1_A,R_105_A,673,8,5,
A-105-X-10,105,A,1,M_X_Day1_A,R_105_A,640,13,10,
A-105-X-15,105,A,1,M_X_Day1_A,R_105_A,955,18,15,
A-105-X-20,105,A,1,M_X_Day1_A,R_105_A,597,23,20,
A-105-X-30,105,A,1,M_X_Day1_A,R_105_A,656,33,30,
A-105-X-30-T,105,A,2,M_X_Day1_A,R_105_A,10560,38,30,
A-105-X-60,105,A,1,M_X_Day1_A,R_105_A,654,63,60,
A-105-X-T1,105,A,2,M_X_Day1_A,R_105_A,,68,60,
A-105-X-T2,105,A,2,M_X_Day1_A,R_105_A,11060,68,60,
A-106-P-5,106,A,1,M_P_Day1_A,R_106_A,676,,5,
A-106-P-10,106,A,1,M_P_Day1_A,R_106_A,762,,10,
A-106-P-15,106,A,1,M_P_Day1_A,R_106_A,974,,15,
A-106-P-20,106,A,1,M_P_Day1_A,R_106_A,619,,20,
A-106-P-30,106,A,1,M_P_Day1_A,R_106_A,573,,30,
A-106-P-30-T,106,A,2,M_P_Day1_A,R_106_A,9560,,30,
A-106-P-60,106,A,1,M_P_Day1_A,R_106_A,578,,60,
A-106-P-T1,106,A,2,M_P_Day1_A,R_106_A,,,60,
A-106-P-T2,106,A,2,M_P_Day1_A,R_106_A,11060,,60,
A-107-C-5,107,A,1,M_C_Day1_A,R_107_A,1000,15,5,
A-107-C-10,107,A,1,M_C_Day1_A,R_107_A,700,20,10,
A-107-C-15,107,A,1,M_C_Day1_A,R_107_A,940,25,15,
A-107-C-20,107,A,1,M_C_Day1_A,R_107_A,700,30,20,
A-107-C-30,107,A,1,M_C_Day1_A,R_107_A,600,40,30,
A-107-C-30-T,107,A,2,M_C_Day1_A,R_107_A,10260,45,30,
A-107-C-60,107,A,1,M_C_Day1_A,R_107_A,800,70,60,
A-107-C-T1,107,A,2,M_C_Day1_A,R_107_A,,75,60,
A-107-C-T2,107,A,2,M_C_Day1_A,R_107_A,10860,75,60,
A-108-P-5,108,A,1,M_P_Day1_A,R_108_A,800,15,5,
A-108-P-10,108,A,1,M_P_Day1_A,R_108_A,500,20,10,
A-108-P-15,108,A,1,M_P_Day1_A,R_108_A,940,25,15,
A-108-P-20,108,A,1,M_P_Day1_A,R_108_A,700,30,20,
A-108-P-30,108,A,1,M_P_Day1_A,R_108_A,600,40,30,
A-108-P-30-T,108,A,2,M_P_Day1_A,R_108_A,10760,45,30,
A-108-P-60,108,A,1,M_P_Day1_A,R_108_A,700,70,60,
A-108-P-T1,108,A,2,M_P_Day1_A,R_108_A,,75,60,
A-108-P-T2,108,A,2,M_P_Day1_A,R_108_A,10460,75,60,
A-109-C-5,109,A,1,M_C_Day1_A,R_109_A,1000,,5,
A-109-C-10,109,A,1,M_C_Day1_A,R_109_A,800,,10,
A-109-C-15,109,A,1,M_C_Day1_A,R_109_A,940,,15,
A-109-C-20,109,A,1,M_C_Day1_A,R_109_A,1000,,20,
A-109-C-30,109,A,1,M_C_Day1_A,R_109_A,900,,30,
A-109-C-40-T,109,A,2,M_C_Day1_A,R_109_A,,,40,
A-109-C-60,109,A,1,M_C_Day1_A,R_109_A,900,,60,
A-109-C-T1,109,A,2,M_C_Day1_A,R_109_A,,,60,
A-109-C-T2,109,A,2,M_C_Day1_A,R_109_A,,,60,
A-110-C-5,110,A,1,M_C_Day1_A,R_110_A,500,,5,
A-110-C-10,110,A,1,M_C_Day1_A,R_110_A,800,,10,
A-110-C-15,110,A,1,M_C_Day1_A,R_110_A,840,,15,
A-110-C-20,110,A,1,M_C_Day1_A,R_110_A,600,,20,
A-110-C-30,110,A,1,M_C_Day1_A,R_110_A,800,,30,
A-110-C-30-T,110,A,2,M_C_Day1_A,R_110_A,,,30,
A-110-C-60,110,A,1,M_C_Day1_A,R_110_A,900,,60,
A-110-C-T1,110,A,2,M_C_Day1_A,R_110_A,,,60,
A-110-C-T2,110,A,2,M_C_Day1_A,R_110_A,,,60,
A-110-C-T2-a,110,A,2,M_C_Day1_A,R_110_A,,,60,
A-110-C-T2-b,110,A,2,M_C_Day1_A,R_110_A,,,60,
A-111-S-5,111,A,1,M_S_Day2_A,R_111_A,637,48,5,
A-111-S-10,111,A,1,M_S_Day2_A,R_111_A,572,53,10,
A-111-S-15,111,A,1,M_S_Day2_A,R_111_A,967,58,15,
A-111-S-20,111,A,1,M_S_Day2_A,R_111_A,550,63,20,
A-111-S-30,111,A,1,M_S_Day2_A,R_111_A,576,73,30,
A-111-S-30-T,111,A,2,M_S_Day2_A,R_111_A,10760,78,30,
A-111-S-60,111,A,1,M_S_Day2_A,R_111_A,648,103,60,
A-111-S-T1,111,A,2,M_S_Day2_A,R_111_A,,108,60,
A-111-S-T2,111,A,2,M_S_Day2_A,R_111_A,10760,108,60,
A-112-P-5,112,A,1,M_P_Day2_A,R_112_A,604,48,5,
A-112-P-10,112,A,1,M_P_Day2_A,R_112_A,627,53,10,
A-112-P-15,112,A,1,M_P_Day2_A,R_112_A,983,58,15,
A-112-P-20,112,A,1,M_P_Day2_A,R_112_A,675,63,20,
A-112-P-30,112,A,1,M_P_Day2_A,R_112_A,675,73,30,
A-112-P-30-T,112,A,2,M_P_Day2_A,R_112_A,10760,78,30,
A-112-P-60,112,A,1,M_P_Day2_A,R_112_A,650,103,60,
A-112-P-T1,112,A,2,M_P_Day2_A,R_112_A,,108,60,
A-112-P-T2,112,A,2,M_P_Day2_A,R_112_A,10960,108,60,
A-201-P-5,201,A,1,M_P_Day2_A,R_201_A,628,13,5,
A-201-P-10,201,A,1,M_P_Day2_A,R_201_A,661,18,10,
A-201-P-15,201,A,1,M_P_Day2_A,R_201_A,968,23,15,
A-201-P-20,201,A,1,M_P_Day2_A,R_201_A,602,28,20,
A-201-P-30,201,A,1,M_P_Day2_A,R_201_A,603,38,30,
A-201-P-30-T,201,A,2,M_P_Day2_A,R_201_A,10960,43,30,
A-201-P-60,201,A,1,M_P_Day2_A,R_201_A,620,68,60,
A-201-P-T1,201,A,2,M_P_Day2_A,R_201_A,,73,60,
A-201-P-T2,201,A,2,M_P_Day2_A,R_201_A,10960,73,60,
A-202-S-5,202,A,1,M_S_Day2_A,R_202_A,650,14,5,
A-202-S-10,202,A,1,M_S_Day2_A,R_202_A,628,19,10,
A-202-S-15,202,A,1,M_S_Day2_A,R_202_A,942,24,15,
A-202-S-20,202,A,1,M_S_Day2_A,R_202_A,693,29,20,
A-202-S-30,202,A,1,M_S_Day2_A,R_202_A,589,39,30,
A-202-S-30-T,202,A,2,M_S_Day2_A,R_202_A,10700,44,30,
A-202-S-60,202,A,1,M_S_Day2_A,R_202_A,704,69,60,
A-202-S-T1,202,A,2,M_S_Day2_A,R_202_A,,74,60,
A-202-S-T2,202,A,2,M_S_Day2_A,R_202_A,,74,60,
A-203-P-5,203,A,1,M_P_Day2_A,R_203_A,900,,5,
A-203-P-10,203,A,1,M_P_Day2_A,R_203_A,800,,10,
A-203-P-15,203,A,1,M_P_Day2_A,R_203_A,840,,15,
A-203-P-20,203,A,1,M_P_Day2_A,R_203_A,600,,20,
A-203-P-30,203,A,1,M_P_Day2_A,R_203_A,800,,30,
A-203-P-30-T,203,A,2,M_P_Day2_A,R_203_A,10560,,30,
A-203-P-60,203,A,1,M_P_Day2_A,R_203_A,700,,60,
A-203-P-T1,203,A,2,M_P_Day2_A,R_203_A,,,60,
A-203-P-T2,203,A,2,M_P_Day2_A,R_203_A,,,60,
A-204-X-5,204,A,1,M_X_Day2_A,R_204_A,600,,5,
A-204-X-10,204,A,1,M_X_Day2_A,R_204_A,500,,10,
A-204-X-15,204,A,1,M_X_Day2_A,R_204_A,940,,15,
A-204-X-20,204,A,1,M_X_Day2_A,R_204_A,500,,20,
A-204-X-30,204,A,1,M_X_Day2_A,R_204_A,600,,30,
A-204-X-30-T,204,A,2,M_X_Day2_A,R_204_A,10160,,30,
A-204-X-60,204,A,1,M_X_Day2_A,R_204_A,500,,60,
A-204-X-T1,204,A,2,M_X_Day2_A,R_204_A,,,60,
A-204-X-T2,204,A,2,M_X_Day2_A,R_204_A,,,60,
A-205-C-5,205,A,1,M_C_Day2_A,R_205_A,660,,5,
A-205-C-10,205,A,1,M_C_Day2_A,R_205_A,550,,10,
A-205-C-15,205,A,1,M_C_Day2_A,R_205_A,983,,15,
A-205-C-20,205,A,1,M_C_Day2_A,R_205_A,720,,20,
A-205-C-30,205,A,1,M_C_Day2_A,R_205_A,789,,30,
A-205-C-30-T,205,A,2,M_C_Day2_A,R_205_A,,,30,
A-205-C-60,205,A,1,M_C_Day2_A,R_205_A,779,,60,
A-205-C-T1,205,A,2,M_C_Day2_A,R_205_A,,,60,
A-205-C-T2,205,A,2,M_C_Day2_A,R_205_A,,,60,
A-205-C-T2-a,205,A,2,M_C_Day2_A,R_205_A,,,60,
A-206-P-5,206,A,1,M_P_Day2_A,R_206_A,700,,5,
A-206-P-10,206,A,1,M_P_Day2_A,R_206_A,557,,10,
A-206-P-15,206,A,1,M_P_Day2_A,R_206_A,894,,15,
A-206-P-20,206,A,1,M_P_Day2_A,R_206_A,569,,20,
A-206-P-30,206,A,1,M_P_Day2_A,R_206_A,656,,30,
A-206-P-30-T,206,A,2,M_P_Day2_A,R_206_A,,,30,
A-206-P-60,206,A,1,M_P_Day2_A,R_206_A,716,,60,
A-206-P-T1,206,A,2,M_P_Day2_A,R_206_A,,,60,
A-206-P-T2,206,A,2,M_P_Day2_A,R_206_A,,,60,
A-209-C-5,209,A,1,M_C_Day2_A,R_209_A,561,37,5,
A-209-C-10,209,A,1,M_C_Day2_A,R_209_A,616,42,10,
A-209-C-15,209,A,1,M_C_Day2_A,R_209_A,927,47,15,
A-209-C-20,209,A,1,M_C_Day2_A,R_209_A,568,52,20,
A-209-C-30,209,A,1,M_C_Day2_A,R_209_A,627,62,30,
A-209-C-30-T,209,A,2,M_C_Day2_A,R_209_A,10660,67,30,
A-209-C-60,209,A,1,M_C_Day2_A,R_209_A,599,92,60,
A-209-C-T1,209,A,2,M_C_Day2_A,R_209_A,,97,60,
A-209-C-T2,209,A,2,M_C_Day2_A,R_209_A,10260,97,60,
A-210-S-5,210,A,1,M_S_Day2_A,R_210_A,556,20,5,
A-210-S-10,210,A,1,M_S_Day2_A,R_210_A,591,25,10,
A-210-S-15,210,A,1,M_S_Day2_A,R_210_A,962,30,15,
A-210-S-20,210,A,1,M_S_Day2_A,R_210_A,574,35,20,
A-210-S-30,210,A,1,M_S_Day2_A,R_210_A,599,45,30,
A-210-S-30-T,210,A,2,M_S_Day2_A,R_210_A,,50,30,
A-210-S-60,210,A,1,M_S_Day2_A,R_210_A,594,75,60,
A-210-S-T1,210,A,2,M_S_Day2_A,R_210_A,,80,60,
A-210-S-T2,210,A,2,M_S_Day2_A,R_210_A,9560,80,60,
A-307-C-5,307,A,1,M_C_Day3_A,R_307_A,616,28,5,
A-307-C-10,307,A,1,M_C_Day3_A,R_307_A,574,33,10,
A-307-C-15,307,A,1,M_C_Day3_A,R_307_A,945,38,15,
A-307-C-20,307,A,1,M_C_Day3_A,R_307_A,710,43,20,
A-307-C-30,307,A,1,M_C_Day3_A,R_307_A,649,53,30,
A-307-C-30-T,307,A,2,M_C_Day3_A,R_307_A,5360,58,30,
A-307-C-60,307,A,1,M_C_Day3_A,R_307_A,715,83,60,
A-307-C-T1,307,A,2,M_C_Day3_A,R_307_A,,88,60,
A-307-C-T2,307,A,2,M_C_Day3_A,R_307_A,10560,88,60,
A-308-X-5,308,A,1,M_X_Day3_A,R_308_A,568,28,5,
A-308-X-10,308,A,1,M_X_Day3_A,R_308_A,549,33,10,
A-308-X-15,308,A,1,M_X_Day3_A,R_308_A,952,38,15,
A-308-X-20,308,A,1,M_X_Day3_A,R_308_A,563,43,20,
A-308-X-30,308,A,1,M_X_Day3_A,R_308_A,571,53,30,
A-308-X-30-T,308,A,2,M_X_Day3_A,R_308_A,5460,58,30,
A-308-X-60,308,A,1,M_X_Day3_A,R_308_A,575,83,60,
A-308-X-T1,308,A,2,M_X_Day3_A,R_308_A,,88,60,
A-308-X-T2,308,A,2,M_X_Day3_A,R_308_A,10460,88,60,
A-401-S-5,401,A,1,M_S_Day2_A,R_401_A,696,15,5,
A-401-S-10,401,A,1,M_S_Day2_A,R_401_A,797,20,10,
A-401-S-15,401,A,1,M_S_Day2_A,R_401_A,913,25,15,
A-401-S-20,401,A,1,M_S_Day2_A,R_401_A,677,30,20,
A-401-S-30,401,A,1,M_S_Day2_A,R_401_A,687,40,30,
A-401-S-30-T,401,A,2,M_S_Day2_A,R_401_A,10860,45,30,
A-401-S-60,401,A,1,M_S_Day2_A,R_401_A,578,70,60,
A-401-S-T1,401,A,2,M_S_Day2_A,R_401_A,,75,60,
A-401-S-T2,401,A,2,M_S_Day2_A,R_401_A,10660,75,60,
A-402-X-5,402,A,1,M_X_Day2_A,R_402_A,530,18,5,
A-402-X-10,402,A,1,M_X_Day2_A,R_402_A,518,23,10,
A-402-X-15,402,A,1,M_X_Day2_A,R_402_A,956,28,15,
A-402-X-20,402,A,1,M_X_Day2_A,R_402_A,602,33,20,
A-402-X-30,402,A,1,M_X_Day2_A,R_402_A,565,43,30,
A-402-X-30-T,402,A,2,M_X_Day2_A,R_402_A,10860,48,30,
A-402-X-60,402,A,1,M_X_Day2_A,R_402_A,498,73,60,
A-402-X-T1,402,A,2,M_X_Day2_A,R_402_A,,78,60,
A-402-X-T2,402,A,2,M_X_Day2_A,R_402_A,10360,78,60,
A-403-C-5,403,A,1,M_C_Day3_A,R_403_A,622,24,5,
A-403-C-10,403,A,1,M_C_Day3_A,R_403_A,566,29,10,
A-403-C-15,403,A,1,M_C_Day3_A,R_403_A,998,34,15,
A-403-C-20,403,A,1,M_C_Day3_A,R_403_A,640,39,20,
A-403-C-30,403,A,1,M_C_Day3_A,R_403_A,655,49,30,
A-403-C-30-T,403,A,2,M_C_Day3_A,R_403_A,10560,54,30,
A-403-C-60,403,A,1,M_C_Day3_A,R_403_A,690,79,60,
A-403-C-T1,403,A,2,M_C_Day3_A,R_403_A,,84,60,
A-403-C-T2,403,A,2,M_C_Day3_A,R_403_A,11160,84,60,
A-404-P-5,404,A,1,M_P_Day3_A,R_404_A,587,26,5,
A-404-P-10,404,A,1,M_P_Day3_A,R_404_A,486,31,10,
A-404-P-15,404,A,1,M_P_Day3_A,R_404_A,988,36,15,
A-404-P-20,404,A,1,M_P_Day3_A,R_404_A,587,41,20,
A-404-P-30,404,A,1,M_P_Day3_A,R_404_A,598,51,30,
A-404-P-30-T,404,A,2,M_P_Day3_A,R_404_A,10960,56,30,
A-404-P-60,404,A,1,M_P_Day3_A,R_404_A,588,81,60,
A-404-P-T1,404,A,2,M_P_Day3_A,R_404_A,,86,60,
A-404-P-T2,404,A,2,M_P_Day3_A,R_404_A,10860,86,60,
A-405-X-5,405,A,1,M_X_Day3_A,R_405_A,743,,5,
A-405-X-10,405,A,1,M_X_Day3_A,R_405_A,613,,10,
A-405-X-15,405,A,1,M_X_Day3_A,R_405_A,865,,15,
A-405-X-20,405,A,1,M_X_Day3_A,R_405_A,666,,20,
A-405-X-30,405,A,1,M_X_Day3_A,R_405_A,677,,30,
A-405-X-30-T,405,A,2,M_X_Day3_A,R_405_A,831,,30,
A-405-X-60,405,A,1,M_X_Day3_A,R_405_A,694,,60,
A-405-X-T1,405,A,2,M_X_Day3_A,R_405_A,,,60,
A-405-X-T2,405,A,2,M_X_Day3_A,R_405_A,,,60,
A-406-S-5,406,A,1,M_S_Day3_A,R_406_A,502,27,5,
A-406-S-10,406,A,1,M_S_Day3_A,R_406_A,558,32,10,
A-406-S-15,406,A,1,M_S_Day3_A,R_406_A,915,37,15,
A-406-S-20,406,A,1,M_S_Day3_A,R_406_A,604,42,20,
A-406-S-30,406,A,1,M_S_Day3_A,R_406_A,588,52,30,
A-406-S-30-T,406,A,2,M_S_Day3_A,R_406_A,,57,30,
A-406-S-60,406,A,1,M_S_Day3_A,R_406_A,623,82,60,
A-406-S-T1,406,A,2,M_S_Day3_A,R_406_A,,87,60,
A-406-S-T2,406,A,2,M_S_Day3_A,R_406_A,,87,60,
A-406-S-T2-a,406,A,2,M_S_Day3_A,R_406_A,,87,60,
A-407-X-5,407,A,1,M_X_Day3_A,R_407_A,541,43,5,
A-407-X-10,407,A,1,M_X_Day3_A,R_407_A,622,48,10,
A-407-X-15,407,A,1,M_X_Day3_A,R_407_A,952,53,15,
A-407-X-20,407,A,1,M_X_Day3_A,R_407_A,660,58,20,
A-407-X-30,407,A,1,M_X_Day3_A,R_407_A,576,68,30,
A-407-X-30-T,407,A,2,M_X_Day3_A,R_407_A,10660,73,30,
A-407-X-60,407,A,1,M_X_Day3_A,R_407_A,723,98,60,
A-407-X-T1,407,A,2,M_X_Day3_A,R_407_A,,103,60,
A-407-X-T2,407,A,2,M_X_Day3_A,R_407_A,10660,103,60,
A-408-P-5,408,A,1,M_P_Day3_A,R_408_A,608,43,5,
A-408-P-10,408,A,1,M_P_Day3_A,R_408_A,573,48,10,
A-408-P-15,408,A,1,M_P_Day3_A,R_408_A,951,53,15,
A-408-P-20,408,A,1,M_P_Day3_A,R_408_A,691,58,20,
A-408-P-30,408,A,1,M_P_Day3_A,R_408_A,612,68,30,
A-408-P-30-T,408,A,2,M_P_Day3_A,R_408_A,10960,73,30,
A-408-P-60,408,A,1,M_P_Day3_A,R_408_A,625,98,60,
A-408-P-T1,408,A,2,M_P_Day3_A,R_408_A,,103,60,
A-408-P-T2,408,A,2,M_P_Day3_A,R_408_A,10460,103,60,
A-409-C-5,409,A,1,M_C_Day3_A,R_409_A,543,24,5,
A-409-C-10,409,A,1,M_C_Day3_A,R_409_A,614,29,10,
A-409-C-15,409,A,1,M_C_Day3_A,R_409_A,914,34,15,
A-409-C-20,409,A,1,M_C_Day3_A,R_409_A,645,39,20,
A-409-C-30,409,A,1,M_C_Day3_A,R_409_A,791,49,30,
A-409-C-30-T,409,A,2,M_C_Day3_A,R_409_A,10660,54,30,
A-409-C-60,409,A,1,M_C_Day3_A,R_409_A,625,79,60,
A-409-C-T1,409,A,2,M_C_Day3_A,R_409_A,,84,60,
A-409-C-T2,409,A,2,M_C_Day3_A,R_409_A,,84,60,
A-410-S-5,410,A,1,M_S_Day3_A,R_410_A,556,31,5,
A-410-S-10,410,A,1,M_S_Day3_A,R_410_A,528,36,10,
A-410-S-15,410,A,1,M_S_Day3_A,R_410_A,984,41,15,
A-410-S-20,410,A,1,M_S_Day3_A,R_410_A,590,46,20,
A-410-S-30,410,A,1,M_S_Day3_A,R_410_A,539,56,30,
A-410-S-30-T,410,A,2,M_S_Day3_A,R_410_A,11060,61,30,
A-410-S-60,410,A,1,M_S_Day3_A,R_410_A,617,86,60,
A-410-S-T1,410,A,2,M_S_Day3_A,R_410_A,,91,60,
A-410-S-T2,410,A,2,M_S_Day3_A,R_410_A,,91,60,
A-411-S-5,411,A,1,M_S_Day3_A,R_411_A,600,24,5,
A-411-S-10,411,A,1,M_S_Day3_A,R_411_A,600,29,10,
A-411-S-15,411,A,1,M_S_Day3_A,R_411_A,1000,34,15,
A-411-S-20,411,A,1,M_S_Day3_A,R_411_A,700,39,20,
A-411-S-30,411,A,1,M_S_Day3_A,R_411_A,700,49,30,
A-411-S-30-T,411,A,2,M_S_Day3_A,R_411_A,,54,30,
A-411-S-60,411,A,1,M_S_Day3_A,R_411_A,800,79,60,
A-411-S-T1,411,A,2,M_S_Day3_A,R_411_A,,84,60,
A-411-S-T2,411,A,2,M_S_Day3_A,R_411_A,,84,60,
A-412-C-5,412,A,1,M_C_Day3_A,R_412_A,1000,37,5,
A-412-C-10,412,A,1,M_C_Day3_A,R_412_A,1100,42,10,
A-412-C-15,412,A,1,M_C_Day3_A,R_412_A,700,47,15,
A-412-C-20,412,A,1,M_C_Day3_A,R_412_A,800,52,20,
A-412-C-30,412,A,1,M_C_Day3_A,R_412_A,700,62,30,
A-412-C-30-T,412,A,2,M_C_Day3_A,R_412_A,,67,30,
A-412-C-60,412,A,1,M_C_Day3_A,R_412_A,800,92,60,
A-412-C-T1,412,A,2,M_C_Day3_A,R_412_A,,97,60,
A-412-C-T2,412,A,2,M_C_Day3_A,R_412_A,,97,60,
A-501-X-5,501,A,1,M_X_Day1_A,R_501_A,727,21,5,
A-501-X-10,501,A,1,M_X_Day1_A,R_501_A,740,26,10,
A-501-X-15,501,A,1,M_X_Day1_A,R_501_A,947,31,15,
A-501-X-20,501,A,1,M_X_Day1_A,R_501_A,731,36,20,
A-501-X-30,501,A,1,M_X_Day1_A,R_501_A,613,46,30,
A-501-X-30-T,501,A,2,M_X_Day1_A,R_501_A,9760,51,30,
A-501-X-60,501,A,1,M_X_Day1_A,R_501_A,735,76,60,
A-501-X-T1,501,A,2,M_X_Day1_A,R_501_A,,81,60,
A-501-X-T2,501,A,2,M_X_Day1_A,R_501_A,11160,81,60,
A-502-S-5,502,A,1,M_S_Day1_A,R_502_A,547,11,5,
A-502-S-10,502,A,1,M_S_Day1_A,R_502_A,624,16,10,
A-502-S-15,502,A,1,M_S_Day1_A,R_502_A,889,21,15,
A-502-S-20,502,A,1,M_S_Day1_A,R_502_A,675,26,20,
A-502-S-30,502,A,1,M_S_Day1_A,R_502_A,710,36,30,
A-502-S-30-T,502,A,2,M_S_Day1_A,R_502_A,10160,41,30,
A-502-S-60,502,A,1,M_S_Day1_A,R_502_A,565,66,60,
A-502-S-T1,502,A,2,M_S_Day1_A,R_502_A,,71,60,
A-502-S-T2,502,A,2,M_S_Day1_A,R_502_A,10460,71,60,
A-503-C-5,503,A,1,M_C_Day1_A,R_503_A,558,11,5,
A-503-C-10,503,A,1,M_C_Day1_A,R_503_A,669,16,10,
A-503-C-15,503,A,1,M_C_Day1_A,R_503_A,945,21,15,
A-503-C-20,503,A,1,M_C_Day1_A,R_503_A,648,26,20,
A-503-C-30,503,A,1,M_C_Day1_A,R_503_A,844,36,30,
A-503-C-30-T,503,A,2,M_C_Day1_A,R_503_A,9760,41,30,
A-503-C-60,503,A,1,M_C_Day1_A,R_503_A,631,66,60,
A-503-C-T1,503,A,2,M_C_Day1_A,R_503_A,,71,60,
A-503-C-T2,503,A,2,M_C_Day1_A,R_503_A,9960,71,60,
A-504-X-5,504,A,1,M_X_Day1_A,R_504_A,722,10,5,
A-504-X-10,504,A,1,M_X_Day1_A,R_504_A,662,15,10,
A-504-X-15,504,A,1,M_X_Day1_A,R_504_A,954,20,15,
A-504-X-20,504,A,1,M_X_Day1_A,R_504_A,565,25,20,
A-504-X-30,504,A,1,M_X_Day1_A,R_504_A,688,35,30,
A-504-X-30-T,504,A,2,M_X_Day1_A,R_504_A,10760,40,30,
A-504-X-60,504,A,1,M_X_Day1_A,R_504_A,578,65,60,
A-504-X-T1,504,A,2,M_X_Day1_A,R_504_A,,70,60,
A-504-X-T2,504,A,2,M_X_Day1_A,R_504_A,10860,70,60,
